time,open,high,low,close,volume,symbol,name
2022-06-20,1200.28,1205.64,1162.12,1164.33,440780139,VN100,VN100
2022-06-21,1164.33,1172.84,1146.33,1155.46,46278396,VN100,VN100
2022-06-22,1155.46,1171.76,1153.99,1161.32,379972360,VN100,VN100
2022-06-23,1161.32,1181.06,1155.29,1181.06,287745109,VN100,VN100
2022-06-24,1181.06,1188.88,1178.27,1178.27,15931986,VN100,VN100
2022-06-27,1178.27,1197.34,1178.27,1197.34,45670298,VN100,VN100
2022-06-28,1197.34,1215.5,1191.87,1214.12,38710007,VN100,VN100
2022-06-29,1214.12,1216.96,1201.87,1214.42,358996915,VN100,VN100
2022-06-30,1214.42,1217.36,1189.5,1189.5,334669518,VN100,VN100
2022-07-01,1189.5,1197.9,1163.83,1194.16,328058608,VN100,VN100
2022-07-04,1198.73,1204.95,1188.34,1192.85,292176159,VN100,VN100
2022-07-05,1192.85,1197.74,1180.14,1181.62,99793410,VN100,VN100
2022-07-06,1181.62,1181.62,1151.69,1151.69,365936696,VN100,VN100
2022-07-07,1151.69,1167.22,1147.04,1167.22,262404470,VN100,VN100
2022-07-08,1167.22,1178.58,1167.22,1174.34,319746100,VN100,VN100
2022-07-11,1174.34,1174.34,1146.24,1155.08,355301357,VN100,VN100
2022-07-12,1155.08,1171.95,1152.4,1171.95,329682746,VN100,VN100
2022-07-13,1171.95,1178.66,1167.54,1169.68,325051685,VN100,VN100
2022-07-14,1169.68,1177.39,1164.36,1176.26,337933802,VN100,VN100
2022-07-15,1176.26,1184.65,1173.3,1174.82,404358767,VN100,VN100
2022-07-18,1174.82,1181.09,1169.42,1171.29,331919344,VN100,VN100
2022-07-19,1171.29,1172.46,1161.39,1170.45,321779040,VN100,VN100
2022-07-20,1170.45,1190.45,1170.45,1185.85,379491565,VN100,VN100
2022-07-21,1185.85,1197.53,1185.85,1192.74,335850988,VN100,VN100
2022-07-22,1192.74,1199.31,1187.53,1187.53,301605758,VN100,VN100
2022-07-25,1187.53,1188.54,1177.08,1180.43,274390251,VN100,VN100
2022-07-26,1180.43,1184.87,1174.67,1175.15,282245105,VN100,VN100
2022-07-27,1175.15,1179.45,1168.67,1179.45,288341399,VN100,VN100
2022-07-28,1179.45,1201.57,1179.45,1196.16,440775875,VN100,VN100
2022-07-29,1196.16,1202.07,1191.79,1191.79,394334755,VN100,VN100
2022-08-01,1191.79,1216.7,1191.79,1216.7,497116690,VN100,VN100
2022-08-02,1216.7,1224.79,1211.35,1224.3,493622640,VN100,VN100
2022-08-03,1224.3,1231.63,1215.25,1230.97,541493419,VN100,VN100
2022-08-04,1230.97,1240.28,1229.61,1234.97,475476380,VN100,VN100
2022-08-05,1234.97,1234.97,1226.16,1233.39,427893250,VN100,VN100
2022-08-08,1233.39,1241.09,1232.24,1238.1,425668272,VN100,VN100
2022-08-09,1238.1,1246.17,1236.26,1242.37,463339107,VN100,VN100
2022-08-10,1242.37,1244.4,1238.11,1239.31,432454922,VN100,VN100
2022-08-11,1239.31,1251.59,1226.38,1231.47,529949440,VN100,VN100
2022-08-12,1231.47,1241.68,1227.12,1241.68,364038680,VN100,VN100
2022-08-15,1247.33,1255.91,1247.33,1255.46,449520173,VN100,VN100
2022-08-16,1255.46,1258.97,1253.03,1257.15,429131373,VN100,VN100
2022-08-17,1257.15,1264.2,1255.79,1259.04,471479637,VN100,VN100
2022-08-18,1259.04,1266.85,1252.48,1256.97,399316917,VN100,VN100
2022-08-19,1256.97,1260.67,1245.97,1251.55,397970425,VN100,VN100
2022-08-22,1251.55,1253.08,1238.08,1244.03,371501265,VN100,VN100
2022-08-23,1244.03,1253.82,1234.81,1253.82,369654177,VN100,VN100
2022-08-24,1253.82,1262.31,1253.82,1258.71,402304112,VN100,VN100
2022-08-25,1258.71,1272.24,1258.71,1272.19,413410564,VN100,VN100
2022-08-26,1272.19,1278.58,1264.37,1266.72,449030704,VN100,VN100
2022-08-29,1266.72,1266.72,1231.64,1253.51,580507324,VN100,VN100
2022-08-30,1253.51,1265.71,1251.75,1254.53,363416466,VN100,VN100
2022-08-31,1254.53,1261.93,1249.39,1258.36,327727181,VN100,VN100
2022-09-05,1258.36,1262.7,1253.31,1256.38,368007450,VN100,VN100
2022-09-06,1256.38,1265.01,1256.38,1257.32,397225232,VN100,VN100
2022-09-07,1257.32,1257.32,1223.85,1223.85,597372081,VN100,VN100
2022-09-08,1223.85,1232.63,1217.15,1217.15,385100100,VN100,VN100
2022-09-09,1217.15,1230.24,1209.0,1230.24,418579281,VN100,VN100
2022-09-12,1230.24,1238.33,1228.83,1228.83,280127046,VN100,VN100
2022-09-13,1228.83,1232.21,1223.6,1228.07,345970606,VN100,VN100
2022-09-14,1228.07,1228.07,1208.4,1222.37,434575468,VN100,VN100
2022-09-15,1222.37,1230.88,1222.37,1224.43,297851938,VN100,VN100
2022-09-16,1224.43,1224.85,1206.7,1210.14,430861274,VN100,VN100
2022-09-19,1210.14,1211.05,1179.52,1182.99,482248380,VN100,VN100
2022-09-20,1182.99,1196.7,1176.84,1196.7,321577795,VN100,VN100
2022-09-21,1196.7,1196.7,1181.25,1185.93,268397727,VN100,VN100
2022-09-22,1185.93,1190.39,1171.3,1190.39,316310097,VN100,VN100
2022-09-23,1190.39,1192.39,1176.01,1177.67,307590296,VN100,VN100
2022-09-26,1177.67,1177.67,1131.76,1145.19,518874517,VN100,VN100
2022-09-27,1145.19,1152.18,1139.25,1140.16,309525132,VN100,VN100
2022-09-28,1140.16,1140.16,1119.19,1120.32,332605200,VN100,VN100
2022-09-29,1120.32,1136.4,1105.85,1105.85,327886116,VN100,VN100
2022-09-30,1105.85,1114.38,1080.28,1109.45,505532543,VN100,VN100
2022-10-03,1109.45,1109.45,1054.32,1058.77,379736740,VN100,VN100
2022-10-04,1058.77,1074.96,1043.86,1049.46,402817437,VN100,VN100
2022-10-05,1049.46,1082.57,1049.46,1074.28,308373934,VN100,VN100
2022-10-06,1074.28,1077.68,1036.87,1039.57,368420276,VN100,VN100
2022-10-07,1039.57,1039.57,986.79,999.39,636986345,VN100,VN100
2022-10-10,999.39,1012.42,973.93,1002.68,528841028,VN100,VN100
2022-10-11,1002.68,1002.68,953.74,965.37,491751824,VN100,VN100
2022-10-12,965.37,1001.62,961.81,998.27,431736558,VN100,VN100
2022-10-13,998.27,1011.97,987.72,1011.97,323862347,VN100,VN100
2022-10-14,1011.97,1032.97,1011.97,1024.4,489352419,VN100,VN100
2022-10-17,1024.4,1024.4,996.45,1016.72,343034302,VN100,VN100
2022-10-18,1016.72,1035.55,1016.72,1025.94,364085508,VN100,VN100
2022-10-19,1025.94,1028.97,1013.8,1021.57,277136500,VN100,VN100
2022-10-20,1021.57,1024.69,1009.02,1017.68,287361402,VN100,VN100
2022-10-21,1017.68,1019.1,967.24,975.11,540328100,VN100,VN100
2022-10-24,975.11,977.43,928.48,939.43,476184480,VN100,VN100
2022-10-25,939.43,968.7,913.78,953.92,555812413,VN100,VN100
2022-10-26,953.92,961.52,939.96,950.93,329701951,VN100,VN100
2022-10-27,950.93,990.02,946.93,990.02,477300283,VN100,VN100
2022-10-28,990.02,1006.28,986.71,989.18,495884601,VN100,VN100
2022-10-31,989.18,991.27,960.6,985.36,479880665,VN100,VN100
2022-11-01,985.36,1004.41,985.36,993.49,468362914,VN100,VN100
2022-11-02,993.49,995.23,978.82,981.76,422943500,VN100,VN100
2022-11-03,981.76,985.51,967.73,980.58,314474984,VN100,VN100
2022-11-04,980.58,980.58,933.22,954.06,560812400,VN100,VN100
2022-11-07,954.06,954.46,923.26,925.89,473887931,VN100,VN100
2022-11-08,925.89,932.81,904.23,932.11,501528685,VN100,VN100
2022-11-09,932.11,944.13,921.44,929.42,442040893,VN100,VN100
2022-11-10,929.42,929.42,877.19,886.76,527587030,VN100,VN100
2022-11-11,886.76,906.79,886.76,891.84,531639457,VN100,VN100
2022-11-14,891.84,891.84,857.71,874.88,485993600,VN100,VN100
2022-11-15,874.88,874.88,832.13,842.48,509482191,VN100,VN100
2022-11-16,842.48,875.45,803.8,875.14,773086298,VN100,VN100
2022-11-17,875.14,905.25,875.14,901.73,550632710,VN100,VN100
2022-11-18,901.73,909.54,875.04,904.47,731474690,VN100,VN100
2022-11-21,904.47,907.94,890.96,895.23,431770471,VN100,VN100
2022-11-22,895.23,918.22,883.66,889.41,809616630,VN100,VN100
2022-11-23,889.41,895.48,878.04,882.33,372688177,VN100,VN100
2022-11-24,882.33,885.64,868.45,884.13,385470604,VN100,VN100
2022-11-25,884.13,909.27,884.13,909.27,466006464,VN100,VN100
2022-11-28,909.27,945.09,909.27,944.64,740932163,VN100,VN100
2022-11-29,944.64,968.32,936.9,968.32,875829856,VN100,VN100
2022-11-30,974.22,988.24,961.36,988.24,890400902,VN100,VN100
2022-12-01,999.69,1012.05,981.05,983.13,970657101,VN100,VN100
2022-12-02,978.81,1027.49,976.54,1027.49,821426860,VN100,VN100
2022-12-05,1030.96,1052.76,1030.96,1045.23,947575885,VN100,VN100
2022-12-06,1042.66,1044.28,998.44,998.44,1059060700,VN100,VN100
2022-12-07,998.44,1006.46,980.51,989.35,621445483,VN100,VN100
2022-12-08,1001.93,1031.18,999.79,1008.16,673673129,VN100,VN100
2022-12-09,1013.9,1019.71,998.9,1011.92,599365473,VN100,VN100
2022-12-12,1017.44,1022.61,989.81,989.81,688366467,VN100,VN100
2022-12-13,991.99,1008.45,981.44,1008.45,586704135,VN100,VN100
2022-12-14,1008.97,1023.04,1006.65,1009.89,588659556,VN100,VN100
2022-12-15,1007.99,1024.21,1007.81,1019.55,553248700,VN100,VN100
2022-12-16,1019.55,1028.99,1009.45,1018.01,676855125,VN100,VN100
2022-12-19,1017.91,1033.49,1004.38,1004.38,704565250,VN100,VN100
2022-12-20,1001.9,1004.43,969.35,984.79,776977669,VN100,VN100
2022-12-21,994.14,994.64,963.62,983.76,641952667,VN100,VN100
2022-12-22,985.02,996.09,979.43,988.7,570715548,VN100,VN100
2022-12-23,987.49,989.26,973.9,984.09,407278332,VN100,VN100
2022-12-26,984.09,984.09,940.64,940.64,456256877,VN100,VN100
2022-12-27,940.64,965.16,937.38,962.45,434096149,VN100,VN100
2022-12-28,965.2,977.25,954.3,971.26,464408392,VN100,VN100
2022-12-29,971.2,977.11,965.4,965.4,346734313,VN100,VN100
2022-12-30,971.63,972.64,963.81,966.09,290315681,VN100,VN100
2023-01-03,969.98,1001.87,969.74,1001.87,389764690,VN100,VN100
2023-01-04,1005.88,1012.1,1000.67,1004.09,422057100,VN100,VN100
2023-01-05,1006.76,1017.35,1003.99,1013.72,384566300,VN100,VN100
2023-01-06,1012.79,1025.94,1005.29,1008.96,526447870,VN100,VN100
2023-01-09,1016.32,1019.75,1007.55,1010.69,343441575,VN100,VN100
2023-01-10,1010.69,1014.72,1001.02,1010.36,402687750,VN100,VN100
2023-01-11,1015.76,1024.66,1013.16,1013.71,394439904,VN100,VN100
2023-01-12,1017.33,1019.72,1008.01,1013.73,381296429,VN100,VN100
2023-01-13,1019.24,1024.0,1011.47,1016.87,534470195,VN100,VN100
2023-01-16,1016.87,1022.57,1013.84,1021.42,374839588,VN100,VN100
2023-01-17,1023.39,1046.19,1023.39,1046.19,497323766,VN100,VN100
2023-01-18,1050.03,1058.36,1047.2,1056.96,411015340,VN100,VN100
2023-01-19,1056.96,1065.7,1051.71,1063.59,460866836,VN100,VN100
2023-01-27,1070.53,1081.67,1068.6,1072.82,438358700,VN100,VN100
2023-01-30,1074.38,1074.68,1059.49,1059.49,549986000,VN100,VN100
2023-01-31,1058.06,1069.79,1046.5,1069.79,537473500,VN100,VN100
2023-02-01,1072.83,1075.5,1033.58,1033.58,767158552,VN100,VN100
2023-02-02,1037.99,1041.42,1025.15,1033.93,443924130,VN100,VN100
2023-02-03,1033.93,1037.2,1022.98,1026.48,412186615,VN100,VN100
2023-02-06,1026.47,1035.14,1017.02,1035.14,395672658,VN100,VN100
2023-02-07,1036.15,1038.58,1011.69,1012.11,493685874,VN100,VN100
2023-02-08,1015.45,1023.82,1004.71,1015.19,416714600,VN100,VN100
2023-02-09,1013.32,1018.57,1006.33,1006.33,330440864,VN100,VN100
2023-02-10,1006.86,1009.27,994.96,995.02,336863716,VN100,VN100
2023-02-13,990.27,991.77,968.83,980.97,464952670,VN100,VN100
2023-02-14,980.97,985.41,974.5,978.9,289571377,VN100,VN100
2023-02-15,977.48,992.67,974.12,987.42,409387800,VN100,VN100
2023-02-16,987.42,999.38,985.85,999.38,346525745,VN100,VN100
2023-02-17,999.38,1003.79,993.66,999.5,319689599,VN100,VN100
2023-02-20,999.25,1030.5,999.25,1030.5,486437043,VN100,VN100
2023-02-21,1033.84,1039.53,1024.73,1024.73,464191956,VN100,VN100
2023-02-22,1022.33,1022.33,995.9,995.9,537724400,VN100,VN100
2023-02-23,994.97,995.61,972.17,995.59,465258140,VN100,VN100
2023-02-24,994.35,994.36,974.03,976.6,256206680,VN100,VN100
2023-02-27,974.85,974.85,953.14,955.64,389280025,VN100,VN100
2023-02-28,955.64,969.48,954.01,959.07,276603747,VN100,VN100
2023-03-01,957.75,977.28,947.54,977.28,370121905,VN100,VN100
2023-03-02,977.27,981.88,970.78,973.84,259984073,VN100,VN100
2023-03-03,974.78,978.66,958.32,959.1,326617428,VN100,VN100
2023-03-06,968.97,977.99,961.71,962.16,294843151,VN100,VN100
2023-03-07,971.46,980.51,969.54,973.26,352093448,VN100,VN100
2023-03-08,964.65,986.6,963.89,986.6,357895172,VN100,VN100
2023-03-09,988.48,1000.28,988.02,994.97,448541089,VN100,VN100
2023-03-10,989.92,993.38,984.34,991.28,367895317,VN100,VN100
2023-03-13,991.28,995.55,984.69,991.19,470566105,VN100,VN100
2023-03-14,989.52,991.17,973.47,977.65,464060900,VN100,VN100
2023-03-15,981.43,1003.66,981.43,1003.61,457633477,VN100,VN100
2023-03-16,996.86,998.53,982.78,988.39,406888202,VN100,VN100
2023-03-17,995.13,996.6,985.8,989.57,468824278,VN100,VN100
2023-03-20,989.57,989.57,966.64,968.22,432830844,VN100,VN100
2023-03-21,974.25,978.23,960.82,978.03,379387069,VN100,VN100
2023-03-22,978.39,986.29,978.39,983.59,350229026,VN100,VN100
2023-03-23,979.31,988.34,975.64,988.34,335805531,VN100,VN100
2023-03-24,991.11,997.13,989.3,992.92,437271840,VN100,VN100
2023-03-27,994.17,1000.49,989.55,998.42,411201870,VN100,VN100
2023-03-28,1002.85,1005.89,997.76,999.71,456122745,VN100,VN100
2023-03-29,1000.8,1001.73,994.43,1001.73,347040100,VN100,VN100
2023-03-30,1001.73,1011.45,1001.73,1005.02,485973954,VN100,VN100
2023-03-31,1005.44,1014.51,1005.44,1011.42,492782078,VN100,VN100
2023-04-03,1018.58,1027.88,1018.58,1027.88,612592940,VN100,VN100
2023-04-04,1029.26,1031.62,1024.84,1030.67,559454955,VN100,VN100
2023-04-05,1030.53,1033.42,1025.73,1033.42,549398164,VN100,VN100
2023-04-06,1035.55,1037.62,1021.66,1021.66,679845447,VN100,VN100
2023-04-07,1022.2,1023.82,1015.21,1022.47,450218402,VN100,VN100
2023-04-10,1027.06,1032.09,1018.93,1022.17,611311538,VN100,VN100
2023-04-11,1020.56,1027.01,1012.89,1027.01,499426330,VN100,VN100
2023-04-12,1029.36,1031.34,1025.04,1027.61,536438784,VN100,VN100
2023-04-13,1028.83,1029.44,1019.91,1022.47,492913689,VN100,VN100
2023-04-14,1026.24,1027.86,1010.47,1010.47,592139095,VN100,VN100
2023-04-17,1010.22,1012.6,1006.6,1012.16,316989070,VN100,VN100
2023-04-18,1013.76,1015.51,1008.17,1012.66,394237416,VN100,VN100
2023-04-19,1015.87,1016.01,1003.74,1004.25,427109075,VN100,VN100
2023-04-20,1005.32,1006.68,999.39,1002.69,261203329,VN100,VN100
2023-04-21,1002.69,1005.4,994.84,996.18,406034965,VN100,VN100
2023-04-24,996.18,1002.6,991.62,994.81,380056934,VN100,VN100
2023-04-25,995.34,1000.34,985.6,986.37,363928863,VN100,VN100
2023-04-26,985.87,994.02,979.51,994.02,443390922,VN100,VN100
2023-04-27,995.83,999.42,991.35,993.27,368417080,VN100,VN100
2023-04-28,997.79,1003.66,997.11,1003.66,426352513,VN100,VN100
2023-05-04,1000.23,1002.8,993.7,995.02,445147168,VN100,VN100
2023-05-05,995.02,997.79,990.61,993.9,399384953,VN100,VN100
2023-05-08,997.37,1003.84,997.32,1003.84,453197864,VN100,VN100
2023-05-09,1003.95,1007.96,1003.05,1004.65,388241368,VN100,VN100
2023-05-10,1006.84,1011.61,1004.82,1011.28,460640511,VN100,VN100
2023-05-11,1014.65,1017.15,1010.3,1011.64,485595918,VN100,VN100
2023-05-12,1011.64,1020.84,1008.5,1020.84,473751402,VN100,VN100
2023-05-15,1021.96,1031.53,1021.0,1021.0,546229610,VN100,VN100
2023-05-16,1023.12,1023.85,1017.42,1020.31,466955270,VN100,VN100
2023-05-17,1020.26,1023.37,1012.11,1012.11,534823859,VN100,VN100
2023-05-18,1012.11,1023.97,1012.11,1018.25,458186072,VN100,VN100
2023-05-19,1020.74,1020.74,1010.15,1018.64,505683717,VN100,VN100
2023-05-22,1020.69,1025.45,1019.29,1025.45,510373166,VN100,VN100
2023-05-23,1026.09,1028.8,1017.52,1021.35,522276549,VN100,VN100
2023-05-24,1025.55,1025.56,1014.79,1015.34,573312491,VN100,VN100
2023-05-25,1015.34,1017.14,1010.89,1015.2,468785609,VN100,VN100
2023-05-26,1017.36,1018.11,1014.97,1016.03,434712561,VN100,VN100
2023-05-29,1019.44,1027.47,1019.43,1026.59,546274574,VN100,VN100
2023-05-30,1026.59,1031.62,1024.31,1029.93,630697352,VN100,VN100
2023-05-31,1030.78,1032.02,1023.58,1026.67,625141941,VN100,VN100
2023-06-01,1026.29,1031.53,1022.43,1031.53,536852300,VN100,VN100
2023-06-02,1038.61,1049.85,1038.29,1048.15,739075332,VN100,VN100
2023-06-05,1058.27,1059.59,1050.2,1051.53,689481926,VN100,VN100
2023-06-06,1052.17,1062.83,1050.34,1062.83,610171316,VN100,VN100
2023-06-07,1064.83,1067.65,1060.93,1067.08,709152288,VN100,VN100
2023-06-08,1069.07,1071.54,1051.85,1051.85,906471883,VN100,VN100
2023-06-09,1054.71,1061.58,1048.31,1061.58,638568655,VN100,VN100
2023-06-12,1065.42,1069.37,1053.27,1069.37,550844658,VN100,VN100
2023-06-13,1071.45,1073.44,1068.49,1073.06,644217336,VN100,VN100
2023-06-14,1073.06,1080.87,1067.65,1067.65,648407423,VN100,VN100
2023-06-15,1067.13,1069.74,1061.68,1066.33,495091204,VN100,VN100
2023-06-16,1066.45,1083.12,1064.18,1066.79,859287977,VN100,VN100
2023-06-19,1068.27,1069.63,1058.86,1059.87,541742330,VN100,VN100
2023-06-20,1059.87,1067.63,1057.83,1067.63,515969069,VN100,VN100
2023-06-21,1067.91,1076.35,1066.34,1076.35,633462149,VN100,VN100
2023-06-22,1083.1,1087.01,1080.9,1083.41,681124051,VN100,VN100
2023-06-23,1085.4,1091.88,1083.03,1090.58,649736330,VN100,VN100
2023-06-26,1090.58,1095.84,1079.14,1093.3,756533308,VN100,VN100
2023-06-27,1096.38,1097.15,1089.81,1095.13,508475758,VN100,VN100
2023-06-28,1096.42,1101.43,1092.91,1099.6,666830397,VN100,VN100
2023-06-29,1100.48,1101.07,1082.94,1082.94,631808405,VN100,VN100
2023-06-30,1083.11,1085.32,1079.28,1082.38,439144266,VN100,VN100
2023-07-03,1086.62,1089.05,1080.65,1083.86,395028741,VN100,VN100
2023-07-04,1084.64,1091.18,1081.62,1091.18,510395821,VN100,VN100
2023-07-05,1095.01,1097.84,1092.46,1092.55,588380308,VN100,VN100
2023-07-06,1092.71,1094.11,1079.27,1084.46,691616103,VN100,VN100
2023-07-07,1082.97,1094.8,1079.45,1094.8,600805571,VN100,VN100
2023-07-10,1100.35,1107.2,1098.46,1107.2,644142252,VN100,VN100
2023-07-11,1108.01,1116.12,1107.76,1110.47,648558350,VN100,VN100
2023-07-12,1112.03,1114.29,1105.97,1110.03,582548802,VN100,VN100
2023-07-13,1115.79,1121.98,1115.25,1121.98,579757848,VN100,VN100
2023-07-14,1121.98,1127.73,1113.28,1126.56,767435289,VN100,VN100
2023-07-17,1131.04,1133.99,1127.97,1131.75,644847283,VN100,VN100
2023-07-18,1131.76,1134.42,1127.33,1134.22,602249556,VN100,VN100
2023-07-19,1134.22,1138.59,1131.63,1131.63,642839874,VN100,VN100
2023-07-20,1131.63,1135.42,1127.26,1135.42,578138380,VN100,VN100
2023-07-21,1136.5,1152.83,1135.93,1152.83,762219216,VN100,VN100
2023-07-24,1158.86,1161.32,1151.04,1160.4,713464432,VN100,VN100
2023-07-25,1162.53,1167.87,1160.35,1163.96,721859685,VN100,VN100
2023-07-26,1164.0,1167.79,1160.78,1167.79,654362782,VN100,VN100
2023-07-27,1168.37,1172.44,1158.74,1168.08,818091747,VN100,VN100
2023-07-28,1168.82,1180.49,1167.22,1180.49,791725539,VN100,VN100
2023-07-31,1180.49,1194.82,1180.49,1193.98,819539989,VN100,VN100
2023-08-01,1200.8,1201.8,1185.37,1185.37,891042223,VN100,VN100
2023-08-02,1184.26,1191.59,1180.29,1188.93,664214264,VN100,VN100
2023-08-03,1188.15,1192.54,1178.61,1181.03,740574675,VN100,VN100
2023-08-04,1182.18,1201.1,1182.18,1199.74,791366289,VN100,VN100
2023-08-07,1199.73,1216.11,1199.73,1216.11,867307628,VN100,VN100
2023-08-08,1217.86,1219.83,1210.19,1213.06,754949309,VN100,VN100
2023-08-09,1211.29,1213.34,1202.26,1205.98,668782195,VN100,VN100
2023-08-10,1207.89,1209.27,1191.59,1192.62,588594255,VN100,VN100
2023-08-11,1200.01,1205.46,1185.55,1205.46,652317803,VN100,VN100
2023-08-14,1210.39,1215.01,1202.93,1212.71,758727053,VN100,VN100
2023-08-15,1212.71,1214.91,1206.29,1210.17,564999639,VN100,VN100
2023-08-16,1209.87,1222.23,1208.49,1222.23,626538487,VN100,VN100
2023-08-17,1223.41,1225.75,1213.71,1213.71,755238370,VN100,VN100
2023-08-18,1206.2,1209.17,1151.55,1153.99,1170325025,VN100,VN100
2023-08-21,1153.58,1164.93,1140.78,1155.11,729204539,VN100,VN100
2023-08-22,1157.46,1161.51,1122.45,1161.32,730512493,VN100,VN100
2023-08-23,1173.73,1174.15,1148.22,1152.13,543535887,VN100,VN100
2023-08-24,1152.13,1173.59,1150.47,1173.59,583399571,VN100,VN100
2023-08-25,1173.42,1177.89,1166.68,1170.3,647745410,VN100,VN100
2023-08-28,1177.02,1191.11,1176.04,1191.11,633155606,VN100,VN100
2023-08-29,1194.68,1198.04,1186.45,1194.25,700094096,VN100,VN100
2023-08-30,1195.55,1207.64,1194.25,1206.8,607178849,VN100,VN100
2023-08-31,1207.91,1218.92,1207.91,1218.92,661862881,VN100,VN100
2023-09-05,1226.35,1231.86,1222.0,1228.33,756081544,VN100,VN100
2023-09-06,1230.63,1243.04,1222.01,1243.04,783262303,VN100,VN100
2023-09-07,1245.56,1253.31,1237.66,1240.42,752482633,VN100,VN100
2023-09-08,1238.34,1246.23,1237.23,1239.04,738830763,VN100,VN100
2023-09-11,1242.45,1249.5,1217.83,1218.98,946390495,VN100,VN100
2023-09-12,1218.96,1244.99,1214.59,1244.99,679377702,VN100,VN100
2023-09-13,1249.17,1251.99,1231.47,1237.9,862907472,VN100,VN100
2023-09-14,1237.95,1244.64,1221.04,1222.44,794834624,VN100,VN100
2023-09-15,1224.56,1234.03,1219.36,1225.85,661787102,VN100,VN100
2023-09-18,1225.85,1225.85,1203.51,1211.63,625758556,VN100,VN100
2023-09-19,1213.48,1218.39,1199.26,1214.45,727104230,VN100,VN100
2023-09-20,1216.37,1231.11,1213.04,1229.75,574576200,VN100,VN100
2023-09-21,1229.39,1230.54,1212.55,1213.37,690806935,VN100,VN100
2023-09-22,1203.08,1203.08,1168.98,1185.27,1035714395,VN100,VN100
2023-09-25,1185.27,1187.28,1139.29,1139.29,786156152,VN100,VN100
2023-09-26,1139.29,1155.07,1128.89,1128.89,746941296,VN100,VN100
2023-09-27,1131.26,1149.75,1114.6,1149.75,590728674,VN100,VN100
2023-09-28,1149.28,1149.64,1127.85,1146.35,498123927,VN100,VN100
2023-09-29,1146.35,1159.09,1146.35,1148.47,407250798,VN100,VN100
2023-10-02,1149.46,1157.64,1143.81,1150.72,361785113,VN100,VN100
2023-10-03,1140.54,1141.63,1108.94,1110.71,708217180,VN100,VN100
2023-10-04,1106.39,1131.36,1097.31,1122.61,511186637,VN100,VN100
2023-10-05,1126.76,1128.86,1108.21,1108.21,437399575,VN100,VN100
2023-10-06,1109.33,1126.61,1103.52,1125.53,458579829,VN100,VN100
2023-10-09,1125.67,1138.15,1123.38,1138.15,445854516,VN100,VN100
2023-10-10,1141.87,1151.38,1141.87,1144.55,480027275,VN100,VN100
2023-10-11,1146.5,1154.28,1139.17,1154.28,384643212,VN100,VN100
2023-10-12,1155.06,1161.17,1150.01,1153.59,448515560,VN100,VN100
2023-10-13,1145.31,1158.07,1139.97,1156.82,438480817,VN100,VN100
2023-10-16,1156.41,1158.69,1140.79,1141.96,485155009,VN100,VN100
2023-10-17,1146.61,1149.5,1120.14,1120.14,442282567,VN100,VN100
2023-10-18,1123.9,1125.41,1085.45,1103.68,750739172,VN100,VN100
2023-10-19,1104.49,1104.69,1084.32,1084.32,465501556,VN100,VN100
2023-10-20,1084.21,1107.92,1073.45,1107.36,471206989,VN100,VN100
2023-10-23,1106.41,1106.61,1085.29,1091.82,419453851,VN100,VN100
2023-10-24,1094.08,1107.2,1087.15,1104.25,367523619,VN100,VN100
2023-10-25,1105.27,1113.07,1099.69,1099.69,378236203,VN100,VN100
2023-10-26,1079.1,1080.76,1041.67,1050.41,852760912,VN100,VN100
2023-10-27,1057.36,1060.63,1036.47,1058.25,497550004,VN100,VN100
2023-10-30,1053.55,1056.91,1033.36,1033.36,367407762,VN100,VN100
2023-10-31,1035.52,1038.65,1016.13,1019.22,555344729,VN100,VN100
2023-11-01,1019.45,1035.34,1014.05,1035.34,487895909,VN100,VN100
2023-11-02,1035.71,1074.28,1035.71,1074.28,529875602,VN100,VN100
2023-11-03,1075.86,1082.77,1068.94,1074.84,563535638,VN100,VN100
2023-11-06,1074.84,1091.04,1074.84,1091.04,514560588,VN100,VN100
2023-11-07,1087.42,1092.24,1079.53,1080.73,465521277,VN100,VN100
2023-11-08,1080.37,1120.88,1076.82,1120.88,662958559,VN100,VN100
2023-11-09,1123.81,1132.3,1117.65,1118.4,733373021,VN100,VN100
2023-11-10,1109.0,1124.41,1106.81,1107.2,759575183,VN100,VN100
2023-11-13,1107.73,1115.7,1098.21,1107.78,565811905,VN100,VN100
2023-11-14,1114.86,1127.93,1111.91,1120.67,609302021,VN100,VN100
2023-11-15,1133.03,1144.42,1127.22,1130.57,681616270,VN100,VN100
2023-11-16,1127.43,1134.15,1122.89,1134.15,486152287,VN100,VN100
2023-11-17,1136.95,1139.64,1102.47,1108.54,859416603,VN100,VN100
2023-11-20,1095.97,1119.37,1090.0,1109.84,609508700,VN100,VN100
2023-11-21,1110.64,1120.78,1110.64,1117.64,509713628,VN100,VN100
2023-11-22,1117.64,1123.75,1110.43,1122.13,677229898,VN100,VN100
2023-11-23,1124.7,1127.5,1090.69,1090.69,730843496,VN100,VN100
2023-11-24,1094.49,1098.11,1074.32,1098.11,684999173,VN100,VN100
2023-11-27,1098.11,1099.53,1085.81,1086.25,433500037,VN100,VN100
2023-11-28,1086.46,1095.62,1073.78,1095.28,505982467,VN100,VN100
2023-11-29,1095.28,1106.34,1095.28,1102.84,425366653,VN100,VN100
2023-11-30,1102.31,1108.73,1093.86,1093.86,494688323,VN100,VN100
2023-12-01,1093.86,1103.04,1088.71,1102.58,422225893,VN100,VN100
2023-12-04,1102.58,1128.62,1102.58,1123.52,830014642,VN100,VN100
2023-12-05,1123.52,1126.91,1115.01,1117.72,547359897,VN100,VN100
2023-12-06,1117.72,1128.93,1117.45,1128.93,611528409,VN100,VN100
2023-12-07,1129.85,1134.4,1110.33,1126.45,947226818,VN100,VN100
2023-12-08,1126.62,1133.49,1122.71,1128.85,607522023,VN100,VN100
2023-12-11,1128.85,1133.24,1123.54,1129.68,505558056,VN100,VN100
2023-12-12,1132.14,1133.9,1127.68,1132.71,466832734,VN100,VN100
2023-12-13,1135.91,1137.37,1116.42,1117.49,595098550,VN100,VN100
2023-12-14,1122.55,1124.39,1110.77,1112.3,477518124,VN100,VN100
2023-12-15,1112.79,1116.86,1105.54,1106.36,520461593,VN100,VN100
2023-12-18,1106.36,1108.7,1094.2,1095.83,501650551,VN100,VN100
2023-12-19,1095.87,1102.81,1086.96,1102.81,434326792,VN100,VN100
2023-12-20,1103.12,1108.73,1100.1,1108.02,423597555,VN100,VN100
2023-12-21,1108.02,1109.71,1101.77,1109.69,373778708,VN100,VN100
2023-12-22,1109.6,1112.78,1106.47,1109.59,413366043,VN100,VN100
2023-12-25,1112.14,1125.73,1111.92,1124.15,474862380,VN100,VN100
2023-12-26,1125.04,1130.0,1123.76,1128.29,474514954,VN100,VN100
2023-12-27,1130.29,1133.62,1128.61,1128.61,582899768,VN100,VN100
2023-12-28,1129.37,1139.5,1127.34,1138.09,526670627,VN100,VN100
2023-12-29,1140.13,1144.2,1139.16,1141.65,508312681,VN100,VN100
2024-01-02,1147.93,1150.44,1138.4,1140.25,616106283,VN100,VN100
2024-01-03,1140.07,1152.77,1136.27,1152.77,465718586,VN100,VN100
2024-01-04,1153.86,1172.17,1153.23,1161.03,864708401,VN100,VN100
2024-01-05,1161.6,1166.47,1157.47,1164.81,563062139,VN100,VN100
2024-01-08,1168.21,1173.79,1164.56,1167.79,643272613,VN100,VN100
2024-01-09,1168.45,1169.88,1161.26,1164.86,637825258,VN100,VN100
2024-01-10,1165.19,1171.55,1159.98,1164.42,737554520,VN100,VN100
2024-01-11,1164.42,1175.04,1161.97,1167.26,636579096,VN100,VN100
2024-01-12,1164.25,1168.5,1151.94,1163.43,811848101,VN100,VN100
2024-01-15,1168.08,1172.31,1158.72,1158.72,451274393,VN100,VN100
2024-01-16,1155.87,1169.95,1153.06,1169.95,445167727,VN100,VN100
2024-01-17,1170.12,1177.61,1167.68,1168.28,571471357,VN100,VN100
2024-01-18,1170.54,1176.69,1168.81,1175.49,428801901,VN100,VN100
2024-01-19,1179.05,1185.56,1178.68,1183.75,479319800,VN100,VN100
2024-01-22,1187.68,1190.55,1179.82,1187.37,634019732,VN100,VN100
2024-01-23,1189.8,1190.98,1180.37,1182.85,491622664,VN100,VN100
2024-01-24,1182.85,1187.12,1177.97,1178.74,517371176,VN100,VN100
2024-01-25,1180.19,1180.19,1174.24,1177.84,367517401,VN100,VN100
2024-01-26,1180.44,1184.65,1180.44,1182.99,412579193,VN100,VN100
2024-01-29,1182.99,1186.32,1179.73,1180.69,475611401,VN100,VN100
2024-01-30,1180.86,1186.03,1180.27,1185.64,427806337,VN100,VN100
2024-01-31,1188.02,1189.15,1168.87,1170.92,842917264,VN100,VN100
2024-02-01,1170.08,1180.48,1169.82,1178.45,460511120,VN100,VN100
2024-02-02,1179.49,1184.67,1177.88,1179.49,644798711,VN100,VN100
2024-02-05,1181.54,1199.55,1181.31,1196.9,648138302,VN100,VN100
2024-02-06,1199.06,1202.82,1197.61,1199.68,436090500,VN100,VN100
2024-02-07,1202.08,1212.66,1201.87,1211.21,500636318,VN100,VN100
2024-02-15,1212.74,1224.67,1212.74,1217.39,666122609,VN100,VN100
2024-02-16,1221.39,1223.42,1217.41,1222.64,587673331,VN100,VN100
2024-02-19,1225.99,1234.18,1222.0,1234.18,786660083,VN100,VN100
2024-02-20,1236.52,1238.17,1230.37,1235.71,680814292,VN100,VN100
2024-02-21,1236.09,1242.09,1229.09,1237.03,742768501,VN100,VN100
2024-02-22,1237.19,1238.55,1232.24,1234.58,561615246,VN100,VN100
2024-02-23,1235.83,1247.21,1215.23,1215.23,1042510612,VN100,VN100
2024-02-26,1216.09,1228.89,1212.6,1228.15,641421650,VN100,VN100
2024-02-27,1234.21,1242.56,1231.95,1242.56,696184316,VN100,VN100
2024-02-28,1247.31,1255.79,1242.0,1255.79,709942269,VN100,VN100
2024-02-29,1259.38,1266.27,1250.02,1258.09,815690105,VN100,VN100
2024-03-01,1260.12,1265.66,1255.36,1264.44,696440321,VN100,VN100
2024-03-04,1264.44,1273.96,1263.33,1267.79,859902632,VN100,VN100
2024-03-05,1267.79,1278.67,1264.41,1278.67,699030730,VN100,VN100
2024-03-06,1278.77,1284.31,1260.96,1267.89,723821771,VN100,VN100
2024-03-07,1268.15,1278.45,1264.37,1275.78,725959252,VN100,VN100
2024-03-08,1277.05,1281.43,1251.76,1251.76,1003142300,VN100,VN100
2024-03-11,1251.93,1257.72,1235.45,1238.55,714131369,VN100,VN100
2024-03-12,1237.47,1248.68,1235.34,1245.36,597383727,VN100,VN100
2024-03-13,1245.36,1276.48,1245.36,1276.48,704455558,VN100,VN100
2024-03-14,1277.0,1282.2,1261.61,1267.6,769043524,VN100,VN100
2024-03-15,1266.22,1272.72,1253.09,1264.79,801427616,VN100,VN100
2024-03-18,1265.05,1268.66,1219.48,1243.39,1243330409,VN100,VN100
2024-03-19,1243.74,1249.14,1237.16,1242.02,705830208,VN100,VN100
2024-03-20,1243.86,1267.1,1235.28,1265.41,691100837,VN100,VN100
2024-03-21,1274.71,1285.42,1270.26,1285.42,943963203,VN100,VN100
2024-03-22,1285.42,1298.07,1281.29,1289.21,1091805408,VN100,VN100
2024-03-25,1289.03,1294.53,1270.63,1274.66,827547701,VN100,VN100
2024-03-26,1274.66,1291.54,1269.62,1291.41,687966613,VN100,VN100
2024-03-27,1293.73,1296.63,1285.51,1294.21,641054597,VN100,VN100
2024-03-28,1300.03,1308.63,1299.77,1305.91,738701627,VN100,VN100
2024-03-29,1307.69,1308.11,1297.61,1300.31,648850503,VN100,VN100
2024-04-01,1296.82,1302.43,1287.98,1296.11,644899335,VN100,VN100
2024-04-02,1288.63,1299.88,1279.3,1299.88,810517748,VN100,VN100
2024-04-03,1296.96,1301.14,1282.07,1282.23,781243760,VN100,VN100
2024-04-04,1282.48,1286.3,1273.15,1275.12,677664585,VN100,VN100
2024-04-05,1264.98,1273.0,1258.71,1262.07,694632457,VN100,VN100
2024-04-08,1262.02,1264.25,1252.18,1256.58,591382495,VN100,VN100
2024-04-09,1258.15,1272.1,1254.25,1272.1,484075174,VN100,VN100
2024-04-10,1276.75,1280.14,1268.39,1268.39,494958127,VN100,VN100
2024-04-11,1266.41,1272.24,1257.98,1267.7,464951256,VN100,VN100
2024-04-12,1268.48,1289.45,1268.48,1289.45,736072512,VN100,VN100
2024-04-15,1288.74,1292.78,1226.38,1226.38,1070529802,VN100,VN100
2024-04-16,1225.57,1230.81,1201.93,1227.5,1009130067,VN100,VN100
2024-04-17,1227.74,1233.28,1205.52,1205.61,617543636,VN100,VN100
2024-04-19,1200.62,1203.76,1176.17,1185.51,763527275,VN100,VN100
2024-04-22,1196.49,1208.76,1193.17,1202.92,511828012,VN100,VN100
2024-04-23,1204.1,1208.09,1186.19,1194.03,600929108,VN100,VN100
2024-04-24,1194.03,1231.37,1194.03,1228.94,569622490,VN100,VN100
2024-04-25,1230.77,1231.77,1220.91,1228.52,410264513,VN100,VN100
2024-04-26,1221.07,1239.35,1219.25,1234.22,437397290,VN100,VN100
2024-05-02,1237.46,1241.27,1231.34,1240.61,407715749,VN100,VN100
2024-05-03,1243.26,1252.17,1242.45,1247.16,476772872,VN100,VN100
2024-05-06,1254.21,1267.86,1249.13,1267.86,660451441,VN100,VN100
2024-05-07,1272.71,1277.78,1265.65,1276.92,509689362,VN100,VN100
2024-05-08,1270.62,1278.35,1262.59,1278.35,698617735,VN100,VN100
2024-05-09,1281.95,1284.9,1269.56,1274.49,555700448,VN100,VN100
2024-05-10,1278.46,1278.94,1263.03,1272.61,476651122,VN100,VN100
2024-05-13,1272.61,1276.86,1261.38,1268.3,488844580,VN100,VN100
2024-05-14,1275.78,1281.4,1269.78,1272.48,431940580,VN100,VN100
2024-05-15,1272.48,1290.05,1272.48,1285.73,609644519,VN100,VN100
2024-05-16,1296.96,1306.43,1293.03,1303.92,670836097,VN100,VN100
2024-05-17,1305.96,1310.87,1301.68,1310.87,707542986,VN100,VN100
2024-05-20,1320.23,1323.78,1313.54,1313.54,895251687,VN100,VN100
2024-05-21,1312.99,1315.4,1300.35,1312.13,700603378,VN100,VN100
2024-05-22,1313.4,1316.74,1295.64,1299.49,840607436,VN100,VN100
2024-05-23,1298.38,1312.8,1290.85,1312.8,672741702,VN100,VN100
2024-05-24,1312.24,1316.33,1275.72,1288.74,1009049509,VN100,VN100
2024-05-27,1291.03,1293.28,1281.12,1292.17,553135371,VN100,VN100
2024-05-28,1298.89,1309.27,1295.55,1309.27,631557751,VN100,VN100
2024-05-29,1309.27,1313.12,1297.42,1298.75,756482778,VN100,VN100
2024-05-30,1293.24,1295.93,1276.79,1294.72,711726712,VN100,VN100
2024-05-31,1296.75,1300.01,1290.99,1292.9,534007329,VN100,VN100
2024-06-03,1302.98,1316.65,1302.49,1313.74,749082758,VN100,VN100
2024-06-04,1320.57,1322.36,1313.54,1315.51,695555729,VN100,VN100
2024-06-05,1316.5,1325.67,1312.87,1312.87,677675427,VN100,VN100
2024-06-06,1317.55,1321.25,1307.84,1313.94,631335972,VN100,VN100
2024-06-07,1315.1,1325.36,1313.53,1319.2,460932242,VN100,VN100
2024-06-10,1324.97,1329.04,1318.19,1322.69,580062740,VN100,VN100
2024-06-11,1327.41,1329.25,1311.55,1318.06,681087928,VN100,VN100
2024-06-12,1318.87,1339.02,1316.11,1339.02,674124978,VN100,VN100
2024-06-13,1339.43,1345.85,1336.85,1341.97,691793816,VN100,VN100
2024-06-14,1344.7,1346.5,1321.73,1321.73,818522934,VN100,VN100
2024-06-17,1323.2,1324.43,1311.44,1316.14,665588585,VN100,VN100
2024-06-18,1321.12,1326.5,1316.92,1318.0,601090957,VN100,VN100
2024-06-19,1318.0,1325.09,1308.58,1320.28,777914299,VN100,VN100
2024-06-20,1322.46,1328.81,1314.97,1325.15,688366679,VN100,VN100
2024-06-21,1327.59,1329.15,1320.93,1324.91,602003390,VN100,VN100
2024-06-24,1323.35,1326.52,1290.08,1293.56,913603279,VN100,VN100
2024-06-25,1294.04,1298.24,1288.03,1295.68,633587284,VN100,VN100
2024-06-26,1297.32,1300.52,1282.75,1298.43,688664149,VN100,VN100
2024-06-27,1298.43,1298.43,1288.58,1296.31,426997414,VN100,VN100
2024-06-28,1296.92,1297.73,1275.8,1283.25,622510447,VN100,VN100
2024-07-01,1282.9,1289.78,1275.79,1289.78,338914086,VN100,VN100
2024-07-02,1293.87,1306.79,1291.84,1303.85,390529838,VN100,VN100
2024-07-03,1303.96,1315.37,1303.96,1312.67,408610088,VN100,VN100
2024-07-04,1316.09,1319.94,1310.39,1318.22,384253422,VN100,VN100
2024-07-05,1318.22,1323.65,1314.76,1323.39,417893199,VN100,VN100
2024-07-08,1326.06,1327.17,1317.56,1323.54,547255541,VN100,VN100
2024-07-09,1324.07,1331.68,1319.48,1331.68,587723067,VN100,VN100
2024-07-10,1332.93,1334.65,1321.46,1321.46,526376386,VN100,VN100
2024-07-11,1326.09,1329.82,1318.61,1318.61,511683708,VN100,VN100
2024-07-12,1317.56,1323.81,1309.69,1313.96,427165835,VN100,VN100
2024-07-15,1314.12,1319.42,1306.4,1310.82,403869673,VN100,VN100
2024-07-16,1311.24,1321.93,1309.8,1313.44,470956800,VN100,VN100
2024-07-17,1318.94,1327.0,1290.67,1306.32,884309336,VN100,VN100
2024-07-18,1307.09,1310.27,1290.95,1310.27,537624025,VN100,VN100
2024-07-19,1310.27,1317.11,1298.53,1303.92,625397031,VN100,VN100
2024-07-22,1303.92,1305.86,1283.34,1295.61,658348273,VN100,VN100
2024-07-23,1298.02,1301.95,1271.7,1273.34,531952325,VN100,VN100
2024-07-24,1268.07,1282.78,1255.95,1279.08,527465613,VN100,VN100
2024-07-25,1270.49,1274.62,1263.79,1271.39,346649995,VN100,VN100
2024-07-26,1273.23,1280.12,1269.89,1280.12,328458719,VN100,VN100
2024-07-29,1285.36,1289.93,1282.22,1284.12,327061909,VN100,VN100
2024-07-30,1284.12,1285.49,1273.46,1282.2,410417590,VN100,VN100
2024-07-31,1284.23,1292.36,1282.17,1288.99,524612064,VN100,VN100
2024-08-01,1288.99,1293.32,1253.52,1259.57,634449626,VN100,VN100
2024-08-02,1255.53,1269.83,1240.59,1269.83,504661671,VN100,VN100
2024-08-05,1269.83,1269.83,1211.96,1216.52,787208888,VN100,VN100
2024-08-06,1228.49,1243.5,1216.03,1240.81,500621602,VN100,VN100
2024-08-07,1240.81,1246.54,1232.79,1243.16,480794401,VN100,VN100
2024-08-08,1237.11,1246.46,1227.83,1233.75,591167545,VN100,VN100
2024-08-09,1233.75,1255.51,1233.75,1254.85,437049918,VN100,VN100
2024-08-12,1254.85,1263.88,1251.39,1263.44,408177801,VN100,VN100
2024-08-13,1262.31,1265.02,1253.92,1260.49,396347219,VN100,VN100
2024-08-14,1260.49,1266.04,1257.38,1259.57,376596137,VN100,VN100
2024-08-15,1259.21,1261.23,1250.52,1254.39,373769862,VN100,VN100
2024-08-16,1256.51,1287.32,1256.51,1287.32,736068935,VN100,VN100
2024-08-19,1293.8,1299.63,1291.76,1297.19,524565883,VN100,VN100
2024-08-20,1297.19,1309.82,1297.19,1306.01,606669977,VN100,VN100
2024-08-21,1304.47,1316.71,1301.0,1316.71,646580031,VN100,VN100
2024-08-22,1316.71,1320.13,1313.55,1316.99,494966212,VN100,VN100
2024-08-23,1316.99,1321.13,1308.24,1318.92,556396219,VN100,VN100
2024-08-26,1321.44,1325.08,1312.56,1314.46,598206995,VN100,VN100
2024-08-27,1314.46,1318.73,1309.37,1315.47,507118026,VN100,VN100
2024-08-28,1318.96,1320.39,1311.3,1316.71,567584394,VN100,VN100
2024-08-29,1316.67,1323.59,1315.84,1317.19,486465871,VN100,VN100
2024-08-30,1318.8,1322.89,1318.21,1321.49,436638624,VN100,VN100
2024-09-04,1310.4,1312.42,1302.8,1309.65,494618907,VN100,VN100
2024-09-05,1310.59,1314.47,1296.35,1300.33,510485261,VN100,VN100
2024-09-06,1299.78,1305.41,1293.9,1305.19,502935532,VN100,VN100
2024-09-09,1305.19,1305.19,1293.76,1298.41,372435489,VN100,VN100
2024-09-10,1301.11,1303.16,1282.47,1285.92,532625162,VN100,VN100
2024-09-11,1283.97,1288.88,1276.24,1284.29,448334740,VN100,VN100
2024-09-12,1284.29,1292.49,1284.29,1286.78,329912431,VN100,VN100
2024-09-13,1287.49,1288.27,1282.8,1285.49,369183450,VN100,VN100
2024-09-16,1284.5,1290.2,1272.45,1272.45,468517318,VN100,VN100
2024-09-17,1273.53,1293.78,1272.51,1293.78,485549766,VN100,VN100
2024-09-18,1293.78,1306.41,1292.94,1300.16,633515038,VN100,VN100
2024-09-19,1304.38,1307.65,1300.97,1307.15,474645899,VN100,VN100
2024-09-20,1307.15,1322.87,1307.15,1313.3,723307921,VN100,VN100
2024-09-23,1316.19,1319.27,1307.59,1308.65,423329302,VN100,VN100
2024-09-24,1308.65,1318.53,1306.52,1318.53,687841682,VN100,VN100
2024-09-25,1325.44,1331.9,1322.57,1331.9,787611133,VN100,VN100
2024-09-26,1334.67,1345.63,1332.6,1338.15,780404194,VN100,VN100
2024-09-27,1342.68,1347.7,1334.0,1339.45,764096056,VN100,VN100
2024-09-30,1339.44,1342.15,1333.4,1340.04,592303984,VN100,VN100
2024-10-01,1340.04,1355.61,1340.04,1344.98,748123818,VN100,VN100
2024-10-02,1340.38,1346.58,1336.31,1338.8,607255607,VN100,VN100
2024-10-03,1340.35,1352.94,1327.28,1328.69,832919012,VN100,VN100
2024-10-04,1329.56,1330.49,1320.26,1320.26,474782716,VN100,VN100
2024-10-07,1326.88,1330.2,1314.62,1321.63,388669123,VN100,VN100
2024-10-08,1323.72,1331.19,1319.07,1325.88,530381718,VN100,VN100
2024-10-09,1328.1,1338.28,1327.01,1337.92,528409772,VN100,VN100
2024-10-10,1341.31,1354.1,1341.31,1342.91,566325650,VN100,VN100
2024-10-11,1344.39,1346.63,1338.62,1344.63,381023060,VN100,VN100
2024-10-14,1345.48,1353.93,1338.13,1338.56,642722541,VN100,VN100
2024-10-15,1340.1,1346.08,1330.55,1332.47,567917162,VN100,VN100
2024-10-16,1331.57,1334.8,1325.88,1328.95,405816246,VN100,VN100
2024-10-17,1328.95,1339.42,1320.69,1339.42,537056044,VN100,VN100
2024-10-18,1344.4,1347.43,1337.33,1338.25,537485477,VN100,VN100
2024-10-21,1336.9,1341.71,1333.41,1333.41,467288983,VN100,VN100
2024-10-22,1333.09,1335.67,1319.82,1324.86,622087537,VN100,VN100
2024-10-23,1325.54,1329.05,1317.67,1327.65,457688468,VN100,VN100
2024-10-24,1327.9,1330.92,1310.55,1310.55,541514026,VN100,VN100
2024-10-25,1310.55,1314.99,1304.46,1306.53,444070945,VN100,VN100
2024-10-28,1306.53,1309.63,1304.92,1309.56,376875539,VN100,VN100
2024-10-29,1309.95,1317.55,1309.95,1317.2,731954631,VN100,VN100
2024-10-30,1317.2,1320.46,1309.7,1315.62,404457680,VN100,VN100
2024-10-31,1315.62,1321.57,1310.73,1319.6,483546997,VN100,VN100
2024-11-01,1319.6,1319.6,1305.91,1306.72,457156056,VN100,VN100
2024-11-04,1306.97,1308.59,1292.04,1294.46,565569544,VN100,VN100
2024-11-05,1294.46,1299.96,1294.46,1295.76,338921895,VN100,VN100
2024-11-06,1296.36,1313.4,1296.36,1312.88,437610456,VN100,VN100
2024-11-07,1312.88,1319.84,1310.41,1311.22,378344222,VN100,VN100
2024-11-08,1315.39,1315.49,1299.39,1303.59,434873745,VN100,VN100
2024-11-11,1303.64,1304.25,1287.9,1298.4,627996380,VN100,VN100
2024-11-12,1300.7,1304.39,1288.29,1291.84,474093416,VN100,VN100
2024-11-13,1289.23,1294.73,1279.69,1293.69,520716766,VN100,VN100
2024-11-14,1293.69,1293.77,1275.41,1275.8,536103445,VN100,VN100
2024-11-15,1272.17,1272.61,1257.83,1260.23,598967164,VN100,VN100
2024-11-18,1259.94,1267.31,1244.04,1259.53,512572405,VN100,VN100
2024-11-19,1259.59,1261.85,1245.32,1245.32,391752489,VN100,VN100
2024-11-20,1244.66,1265.53,1235.84,1259.16,601964529,VN100,VN100
2024-11-21,1259.16,1272.84,1255.43,1272.84,366026298,VN100,VN100
2024-11-22,1273.06,1276.88,1269.48,1270.87,408464966,VN100,VN100
2024-11-25,1271.42,1277.81,1270.58,1277.14,378611214,VN100,VN100
2024-11-26,1277.14,1289.73,1277.14,1284.87,421996884,VN100,VN100
2024-11-27,1284.87,1288.69,1282.61,1286.67,315490421,VN100,VN100
2024-11-28,1291.59,1295.97,1284.18,1287.02,343753111,VN100,VN100
2024-11-29,1286.95,1297.28,1285.21,1296.08,377388987,VN100,VN100
2024-12-02,1296.08,1304.04,1291.31,1295.86,378511858,VN100,VN100
2024-12-03,1295.51,1300.4,1290.5,1296.98,516907401,VN100,VN100
2024-12-04,1294.21,1294.43,1284.73,1285.33,435585359,VN100,VN100
2024-12-05,1287.03,1322.4,1282.0,1322.4,709573700,VN100,VN100
2024-12-06,1322.34,1327.96,1321.32,1323.54,543652080,VN100,VN100
2024-12-09,1324.43,1329.86,1318.93,1324.48,561270300,VN100,VN100
2024-12-10,1324.49,1328.29,1320.61,1324.0,467106596,VN100,VN100
2024-12-11,1324.1,1330.25,1317.54,1323.33,472872420,VN100,VN100
2024-12-12,1323.67,1329.45,1319.99,1322.05,415012920,VN100,VN100
2024-12-13,1320.49,1320.99,1314.73,1316.87,360428348,VN100,VN100
2024-12-16,1317.41,1321.76,1311.73,1318.26,407101151,VN100,VN100
2024-12-17,1318.26,1319.76,1312.75,1314.91,355306511,VN100,VN100
2024-12-18,1314.91,1320.03,1313.98,1319.06,372677682,VN100,VN100
2024-12-19,1318.48,1318.48,1298.74,1305.12,563613366,VN100,VN100
2024-12-20,1305.12,1308.47,1304.16,1306.81,394812764,VN100,VN100
2024-12-23,1306.81,1315.08,1306.81,1312.75,353660844,VN100,VN100
2024-12-24,1312.97,1313.05,1303.31,1312.18,451946615,VN100,VN100
2024-12-25,1312.36,1335.42,1312.36,1329.18,586805926,VN100,VN100
2024-12-26,1330.82,1332.29,1325.31,1326.91,396707761,VN100,VN100
2024-12-27,1327.14,1333.93,1327.14,1332.13,496635434,VN100,VN100
2024-12-30,1332.13,1332.48,1324.85,1332.48,367027212,VN100,VN100
2024-12-31,1331.71,1331.9,1326.14,1329.75,334270245,VN100,VN100
2025-01-02,1329.75,1331.69,1320.53,1328.51,305511226,VN100,VN100
2025-01-03,1327.21,1327.21,1306.77,1306.77,415758195,VN100,VN100
2025-01-06,1306.77,1311.28,1294.93,1296.3,391670592,VN100,VN100
2025-01-07,1299.15,1304.44,1291.0,1295.92,393756830,VN100,VN100
2025-01-08,1295.92,1299.72,1288.33,1299.72,309028105,VN100,VN100
2025-01-09,1299.72,1302.26,1291.24,1294.05,239578085,VN100,VN100
2025-01-10,1294.05,1295.47,1275.7,1275.7,371868968,VN100,VN100
2025-01-13,1275.7,1282.59,1266.14,1282.59,391814897,VN100,VN100
2025-01-14,1282.59,1282.81,1271.05,1273.9,267886958,VN100,VN100
2025-01-15,1279.08,1285.14,1276.66,1283.24,347671699,VN100,VN100
2025-01-16,1288.88,1295.01,1281.95,1289.87,384696749,VN100,VN100
2025-01-17,1289.87,1299.59,1286.51,1299.59,305834425,VN100,VN100
2025-01-20,1300.36,1304.31,1298.57,1301.43,320979079,VN100,VN100
2025-01-21,1301.43,1306.69,1294.98,1299.52,353325093,VN100,VN100
2025-01-22,1299.52,1304.75,1297.08,1297.08,382465694,VN100,VN100
2025-01-23,1297.3,1325.73,1297.3,1321.22,418016177,VN100,VN100
2025-01-24,1321.39,1328.44,1320.08,1328.12,376435002,VN100,VN100
2025-02-03,1328.12,1328.12,1304.74,1309.0,393373414,VN100,VN100
2025-02-04,1313.6,1322.36,1311.87,1322.03,476720982,VN100,VN100
2025-02-05,1322.03,1329.42,1322.03,1326.89,426765640,VN100,VN100
2025-02-06,1326.89,1334.71,1326.48,1330.11,394303716,VN100,VN100
2025-02-07,1330.84,1336.39,1326.93,1332.45,451230296,VN100,VN100
2025-02-10,1328.18,1331.38,1318.21,1319.52,601444428,VN100,VN100
2025-02-11,1319.52,1327.53,1318.43,1327.53,465905023,VN100,VN100
2025-02-12,1327.53,1333.28,1325.85,1326.0,360590387,VN100,VN100
2025-02-13,1326.0,1328.39,1320.72,1328.18,353018917,VN100,VN100
2025-02-14,1329.53,1338.53,1329.53,1331.93,486900556,VN100,VN100
2025-02-17,1332.85,1334.91,1327.99,1328.53,649330142,VN100,VN100
2025-02-18,1328.53,1340.31,1328.06,1332.45,494366199,VN100,VN100
2025-02-19,1333.61,1344.03,1332.3,1343.21,571907051,VN100,VN100
2025-02-20,1343.21,1349.44,1343.21,1346.76,544876821,VN100,VN100
2025-02-21,1346.76,1349.98,1343.51,1348.68,525799551,VN100,VN100
2025-02-24,1350.69,1357.98,1346.67,1357.98,678569946,VN100,VN100
2025-02-25,1360.26,1363.09,1350.59,1355.1,650666346,VN100,VN100
2025-02-26,1356.67,1359.27,1354.07,1356.04,565738409,VN100,VN100
2025-02-27,1358.31,1360.4,1346.72,1360.4,677287091,VN100,VN100
2025-02-28,1360.4,1360.4,1349.66,1355.34,611755946,VN100,VN100
2025-03-03,1355.2,1362.09,1354.24,1360.08,700720917,VN100,VN100
2025-03-04,1356.6,1366.32,1347.13,1364.61,795010693,VN100,VN100
2025-03-05,1365.96,1374.24,1357.07,1357.07,769110789,VN100,VN100
2025-03-06,1361.56,1374.06,1361.24,1374.06,851312521,VN100,VN100
2025-03-07,1376.63,1382.27,1374.23,1380.67,720536132,VN100,VN100
2025-03-10,1385.59,1389.66,1376.11,1379.71,793904657,VN100,VN100
2025-03-11,1367.06,1382.28,1363.89,1382.28,711425490,VN100,VN100
2025-03-12,1385.85,1387.8,1375.1,1379.53,736557512,VN100,VN100
2025-03-13,1381.06,1386.08,1369.76,1371.38,818878091,VN100,VN100
2025-03-14,1370.8,1377.24,1366.69,1368.45,779404170,VN100,VN100
2025-03-17,1374.25,1379.65,1372.82,1378.63,762066901,VN100,VN100
2025-03-18,1382.62,1384.7,1373.22,1373.22,713495319,VN100,VN100
2025-03-19,1371.04,1371.98,1359.42,1363.26,753548559,VN100,VN100
2025-03-20,1368.11,1372.56,1355.65,1363.47,710615104,VN100,VN100
2025-03-21,1363.37,1365.36,1360.81,1362.13,637436724,VN100,VN100
2025-03-24,1363.08,1371.19,1355.3,1371.19,721968920,VN100,VN100
2025-03-25,1371.72,1378.22,1367.37,1369.77,782765069,VN100,VN100
2025-03-26,1371.02,1376.69,1359.0,1361.44,646716061,VN100,VN100
2025-03-27,1360.73,1364.06,1358.79,1360.77,517475360,VN100,VN100
2025-03-28,1361.33,1362.49,1349.7,1353.66,559108766,VN100,VN100
2025-03-31,1347.76,1350.05,1340.26,1344.57,673729395,VN100,VN100
2025-04-01,1349.54,1355.08,1343.09,1355.08,468854569,VN100,VN100
2025-04-02,1359.35,1362.57,1355.28,1355.47,685695579,VN100,VN100
2025-04-03,1315.81,1315.81,1263.55,1263.67,1389926132,VN100,VN100
2025-04-04,1245.17,1248.93,1188.86,1248.93,1608882514,VN100,VN100
2025-04-08,1248.93,1248.93,1164.98,1167.88,906301880,VN100,VN100
2025-04-09,1150.46,1177.85,1102.84,1131.7,1324643548,VN100,VN100
2025-04-10,1131.7,1209.22,1131.7,1209.13,232739053,VN100,VN100
2025-04-11,1227.72,1266.42,1220.44,1266.42,1394418301,VN100,VN100
2025-04-14,1277.18,1287.48,1269.33,1285.22,825459094,VN100,VN100
2025-04-15,1285.22,1287.12,1258.75,1268.15,835053634,VN100,VN100
2025-04-16,1268.15,1274.84,1245.28,1249.89,634570333,VN100,VN100
2025-04-17,1249.89,1259.58,1239.26,1259.58,610612465,VN100,VN100
2025-04-18,1270.43,1283.83,1267.27,1267.27,863646216,VN100,VN100
2025-04-21,1267.0,1270.95,1249.42,1255.9,687875702,VN100,VN100
2025-04-22,1248.58,1253.28,1180.19,1246.42,1405234431,VN100,VN100
2025-04-23,1257.18,1267.45,1253.0,1262.33,675832308,VN100,VN100
2025-04-24,1266.06,1273.24,1258.13,1271.82,596659463,VN100,VN100
2025-04-25,1272.5,1277.72,1264.05,1275.79,689165881,VN100,VN100
2025-04-28,1276.97,1281.09,1268.48,1274.65,512196634,VN100,VN100
2025-04-29,1274.65,1277.13,1271.44,1273.69,501242995,VN100,VN100
2025-05-05,1273.69,1285.97,1272.45,1285.9,490761636,VN100,VN100
2025-05-06,1291.88,1296.66,1285.11,1285.29,614090131,VN100,VN100
2025-05-07,1284.47,1291.45,1283.71,1290.06,594371078,VN100,VN100
2025-05-08,1290.06,1312.62,1290.06,1310.79,638052107,VN100,VN100
2025-05-09,1310.79,1318.91,1309.18,1312.94,592252203,VN100,VN100
2025-05-12,1312.94,1332.81,1312.94,1331.89,767881453,VN100,VN100
2025-05-13,1331.89,1343.22,1331.89,1343.22,779798467,VN100,VN100
2025-05-14,1343.22,1361.15,1343.22,1360.95,880152604,VN100,VN100
2025-05-15,1360.95,1368.71,1351.46,1367.22,970017557,VN100,VN100
2025-05-16,1367.22,1367.53,1349.97,1349.97,707133684,VN100,VN100
2025-05-19,1349.97,1351.01,1335.45,1339.57,737819292,VN100,VN100
2025-05-20,1339.57,1361.8,1339.57,1361.07,766139443,VN100,VN100
2025-05-21,1361.07,1379.12,1360.26,1369.31,857864612,VN100,VN100
2025-05-22,1369.31,1377.37,1357.9,1359.26,961071947,VN100,VN100
2025-05-23,1359.26,1364.37,1352.73,1359.03,582589252,VN100,VN100
2025-05-26,1359.03,1375.11,1331.2,1375.06,811413937,VN100,VN100
2025-05-27,1375.06,1383.88,1373.99,1383.41,906954159,VN100,VN100
2025-05-28,1383.41,1389.27,1376.68,1381.79,747676064,VN100,VN100
2025-05-29,1381.79,1389.41,1377.13,1382.77,725160397,VN100,VN100
2025-05-30,1382.77,1385.72,1370.24,1371.73,774080425,VN100,VN100
2025-06-02,1371.73,1377.43,1363.75,1377.43,734989441,VN100,VN100
2025-06-03,1377.43,1395.41,1377.43,1390.82,902118469,VN100,VN100
2025-06-04,1390.82,1395.68,1386.71,1389.54,794506639,VN100,VN100
2025-06-05,1390.23,1392.21,1379.43,1385.01,618451201,VN100,VN100
2025-06-06,1385.01,1385.01,1370.94,1370.94,792908921,VN100,VN100
2025-06-09,1370.94,1371.89,1353.41,1353.41,614368905,VN100,VN100
2025-06-10,1353.41,1369.5,1352.88,1360.99,603682192,VN100,VN100
2025-06-11,1360.99,1366.86,1355.87,1361.77,449679689,VN100,VN100
2025-06-12,1361.77,1377.42,1361.77,1374.41,703736853,VN100,VN100
2025-06-13,1374.41,1374.41,1350.14,1363.26,963995748,VN100,VN100
2025-06-16,1363.26,1386.89,1359.07,1386.72,643413894,VN100,VN100
2025-06-17,1386.72,1400.21,1385.94,1394.52,689579881,VN100,VN100
2025-06-18,1394.52,1401.82,1388.34,1393.43,641433934,VN100,VN100
2025-06-19,1393.43,1400.52,1387.71,1398.9,627604463,VN100,VN100
2025-06-20,1398.9,1407.42,1396.2,1399.2,671895574,VN100,VN100
2025-06-23,1399.2,1402.65,1384.4,1402.65,654045038,VN100,VN100
2025-06-24,1402.65,1419.36,1402.65,1413.88,823060959,VN100,VN100
2025-06-25,1413.88,1421.54,1412.88,1414.64,715727232,VN100,VN100
2025-06-26,1414.64,1420.11,1408.47,1414.54,643355212,VN100,VN100
2025-06-27,1414.54,1422.64,1413.04,1420.73,594393525,VN100,VN100
2025-06-30,1420.73,1429.87,1420.73,1427.53,557214525,VN100,VN100
2025-07-01,1427.53,1433.03,1419.73,1426.78,665434193,VN100,VN100
2025-07-02,1426.78,1438.15,1426.22,1438.15,783104333,VN100,VN100
2025-07-03,1438.15,1450.65,1433.84,1438.9,1161454567,VN100,VN100
2025-07-04,1438.9,1448.4,1438.9,1448.26,691830100,VN100,VN100
2025-07-07,1448.26,1468.18,1448.26,1467.99,1090245497,VN100,VN100
2025-07-08,1467.99,1482.65,1467.99,1482.65,947260179,VN100,VN100
2025-07-09,1482.65,1497.78,1482.65,1494.2,1220798924,VN100,VN100
2025-07-10,1494.2,1507.71,1494.2,1507.6,894739966,VN100,VN100
2025-07-11,1507.6,1528.15,1507.6,1522.24,1026851392,VN100,VN100
2025-07-14,1522.24,1536.89,1509.0,1535.66,1030617875,VN100,VN100
2025-07-15,1535.66,1546.73,1527.96,1527.96,1141392229,VN100,VN100
2025-07-16,1527.96,1544.32,1523.34,1544.04,1047879379,VN100,VN100
2025-07-17,1544.04,1560.88,1544.04,1555.96,1115094702,VN100,VN100
2025-07-18,1555.96,1571.26,1550.43,1568.47,1102431753,VN100,VN100
2025-07-21,1568.47,1585.3,1560.27,1561.64,1161314946,VN100,VN100
2025-07-22,1561.64,1587.4,1549.33,1587.4,1028781409,VN100,VN100
2025-07-23,1587.4,1605.95,1586.5,1593.19,1214167503,VN100,VN100
2025-07-24,1593.19,1610.25,1586.85,1605.47,1141104419,VN100,VN100
2025-07-25,1605.47,1625.7,1605.47,1622.44,1145834098,VN100,VN100
2025-07-28,1622.44,1658.85,1622.44,1658.66,1381038831,VN100,VN100
2025-07-29,1658.66,1668.35,1578.81,1578.81,2243789479,VN100,VN100
2025-07-30,1578.81,1603.73,1568.56,1599.05,1370698761,VN100,VN100
2025-07-31,1599.05,1615.24,1577.43,1597.8,1367536900,VN100,VN100
2025-08-01,1597.8,1605.28,1575.99,1593.67,1147194692,VN100,VN100
2025-08-04,1593.67,1630.53,1584.91,1630.53,1070572077,VN100,VN100
2025-08-05,1630.53,1699.33,1618.39,1656.32,2312251879,VN100,VN100
2025-08-06,1656.32,1689.03,1656.32,1689.03,1104946459,VN100,VN100
2025-08-07,1689.03,1707.17,1682.71,1701.46,1354496445,VN100,VN100
2025-08-08,1701.46,1710.57,1680.05,1703.18,1466758100,VN100,VN100
2025-08-11,1703.18,1723.57,1703.18,1717.27,1279138044,VN100,VN100
2025-08-12,1717.27,1730.66,1708.66,1730.45,1293730747,VN100,VN100
2025-08-13,1740.1,1742.11,1706.7,1736.25,1558829536,VN100,VN100
2025-08-14,1752.2,1777.05,1748.73,1777.05,1497033798,VN100,VN100
2025-08-15,1796.87,1808.25,1753.25,1768.43,1651861149,VN100,VN100
2025-08-18,1777.38,1784.0,1763.09,1778.16,1319669577,VN100,VN100
2025-08-19,1789.57,1819.0,1785.69,1804.39,1520740036,VN100,VN100
2025-08-20,1812.22,1817.88,1754.48,1817.6,1957705393,VN100,VN100
2025-08-21,1833.47,1861.69,1827.64,1855.24,1420477363,VN100,VN100
2025-08-22,1845.95,1846.49,1775.94,1797.62,1879529253,VN100,VN100
2025-08-25,1815.46,1816.32,1747.7,1754.96,1293158664,VN100,VN100
2025-08-26,1751.92,1822.48,1742.05,1822.28,1233149599,VN100,VN100
2025-08-27,1837.5,1852.99,1818.31,1823.27,1352029068,VN100,VN100
2025-08-28,1829.53,1842.25,1806.87,1838.37,1043282440,VN100,VN100
2025-08-29,1850.57,1860.54,1838.03,1844.4,1276523914,VN100,VN100
2025-09-03,1843.52,1849.04,1831.41,1845.56,1097170789,VN100,VN100
2025-09-04,1853.93,1864.96,1840.28,1864.54,1158530414,VN100,VN100
2025-09-05,1876.77,1880.8,1823.4,1824.91,1395175190,VN100,VN100
2025-09-08,1816.87,1824.68,1772.72,1772.72,1625887327,VN100,VN100
2025-09-09,1779.22,1792.59,1758.98,1792.59,941409429,VN100,VN100
2025-09-10,1803.02,1803.51,1778.95,1795.38,850748088,VN100,VN100
2025-09-11,1789.19,1816.54,1746.52,1813.71,1080282552,VN100,VN100
2025-09-12,1819.34,1827.32,1807.22,1823.56,939914220,VN100,VN100
2025-09-15,1829.65,1840.69,1821.38,1840.69,1035282526,VN100,VN100
2025-09-16,1855.17,1855.17,1830.52,1836.72,1127606734,VN100,VN100
2025-09-17,1833.97,1842.98,1821.53,1824.79,871337277,VN100,VN100
2025-09-18,1830.42,1835.05,1806.26,1819.65,756534976,VN100,VN100
2025-09-19,1826.57,1826.79,1796.68,1814.0,769774759,VN100,VN100
2025-09-22,1811.81,1813.97,1761.32,1780.83,1013653506,VN100,VN100
2025-09-23,1781.87,1794.3,1772.81,1781.08,687391620,VN100,VN100
2025-09-24,1782.1,1814.83,1762.35,1814.83,865320549,VN100,VN100
2025-09-25,1819.34,1826.02,1809.67,1821.95,792648549,VN100,VN100
2025-09-26,1822.85,1826.04,1809.92,1812.71,770974586,VN100,VN100
2025-09-29,1811.15,1827.18,1805.97,1820.38,783531878,VN100,VN100
2025-09-30,1822.48,1832.18,1797.07,1817.7,964074784,VN100,VN100
2025-10-01,1821.85,1832.98,1814.33,1826.3,616848473,VN100,VN100
2025-10-02,1830.29,1844.39,1807.94,1810.69,653785524,VN100,VN100
2025-10-03,1809.49,1815.67,1795.31,1803.15,713769068,VN100,VN100
2025-10-06,1835.13,1864.34,1824.37,1864.34,939446215,VN100,VN100
2025-10-07,1875.24,1875.24,1843.08,1850.55,729646189,VN100,VN100
2025-10-08,1868.1,1870.62,1845.1,1861.87,924383942,VN100,VN100
2025-10-09,1867.66,1882.75,1863.04,1879.62,967032077,VN100,VN100
2025-10-10,1887.19,1911.56,1883.95,1911.55,909972964,VN100,VN100
2025-10-13,1899.22,1936.66,1898.17,1935.65,1147553996,VN100,VN100
2025-10-14,1957.81,1971.66,1927.81,1935.25,1348797410,VN100,VN100
2025-10-15,1940.87,1954.44,1927.36,1937.17,1037128764,VN100,VN100
2025-10-16,1945.17,1950.26,1933.02,1950.03,1016465923,VN100,VN100
2025-10-17,1956.98,1956.98,1903.17,1908.4,1072657450,VN100,VN100
2025-10-20,1899.59,1905.19,1800.51,1800.51,1451915071,VN100,VN100
2025-10-21,1809.51,1849.5,1780.75,1832.98,1369402789,VN100,VN100
2025-10-22,1850.79,1850.79,1788.37,1847.12,822519116,VN100,VN100
2025-10-23,1851.13,1871.19,1837.53,1854.2,622014140,VN100,VN100
2025-10-24,1849.97,1858.98,1821.2,1848.01,817664216,VN100,VN100
2025-10-27,1863.51,1863.98,1810.65,1810.65,834388229,VN100,VN100
2025-10-28,1806.88,1853.69,1782.26,1853.69,769274795,VN100,VN100
2025-10-29,1857.48,1872.98,1848.52,1859.11,759392165,VN100,VN100
2025-10-30,1862.12,1864.39,1827.13,1835.82,650043066,VN100,VN100
2025-10-31,1834.81,1834.81,1795.09,1798.62,704124628,VN100,VN100
2025-11-03,1801.85,1811.52,1765.36,1765.36,857572559,VN100,VN100
2025-11-04,1766.83,1821.01,1748.07,1812.1,1008955479,VN100,VN100
2025-11-05,1805.06,1812.2,1794.16,1802.59,568925010,VN100,VN100
2025-11-06,1802.99,1805.56,1781.31,1785.91,497890457,VN100,VN100
2025-11-07,1780.35,1783.33,1732.17,1735.99,738539613,VN100,VN100
2025-11-10,1735.65,1752.89,1715.56,1715.56,638072959,VN100,VN100
2025-11-11,1722.86,1737.83,1712.51,1732.96,568762698,VN100,VN100
2025-11-12,1739.94,1780.02,1735.44,1779.78,655499404,VN100,VN100
2025-11-13,1780.88,1783.81,1767.89,1773.67,596358326,VN100,VN100
2025-11-14,1768.18,1785.02,1763.42,1780.35,591070542,VN100,VN100
2025-11-17,1787.18,1804.18,1787.14,1804.18,651839900,VN100,VN100
2025-11-18,1806.77,1811.38,1794.77,1810.72,627077978,VN100,VN100
2025-11-19,1809.83,1811.74,1789.09,1796.7,737119058,VN100,VN100
2025-11-20,1800.51,1809.55,1794.31,1804.39,578793057,VN100,VN100
2025-11-21,1793.31,1806.18,1781.18,1802.47,591408006,VN100,VN100
2025-11-24,1804.67,1822.73,1804.49,1813.34,465304968,VN100,VN100
2025-11-25,1815.37,1821.78,1799.68,1803.41,791397340,VN100,VN100
2025-11-26,1810.66,1829.13,1808.51,1826.35,697003639,VN100,VN100
2025-11-27,1832.3,1842.81,1824.61,1827.32,600218102,VN100,VN100
2025-11-28,1827.49,1838.09,1816.63,1829.88,620469608,VN100,VN100
2025-12-01,1837.65,1849.21,1831.97,1834.56,522769571,VN100,VN100
2025-12-02,1834.79,1850.83,1818.22,1847.4,588264070,VN100,VN100
2025-12-03,1856.29,1878.54,1847.32,1868.56,686689313,VN100,VN100
2025-12-04,1874.23,1884.57,1864.35,1878.72,775875188,VN100,VN100
2025-12-05,1898.2,1898.2,1873.13,1876.2,542766671,VN100,VN100
2025-12-08,1891.95,1892.97,1873.88,1880.12,572402239,VN100,VN100
2025-12-09,1897.25,1897.25,1845.21,1869.86,802249516,VN100,VN100
2025-12-10,1872.94,1872.94,1839.61,1844.94,514936558,VN100,VN100
2025-12-11,1839.67,1848.54,1820.28,1827.05,456876451,VN100,VN100
2025-12-12,1831.36,1831.36,1759.66,1767.08,758274632,VN100,VN100
2025-12-15,1768.04,1786.98,1755.1,1765.08,553437532,VN100,VN100
2025-12-16,1767.25,1818.08,1745.2,1807.62,691129633,VN100,VN100
2025-12-17,1808.28,1814.26,1790.14,1798.31,506359468,VN100,VN100
2025-12-18,1799.2,1804.06,1787.52,1804.06,539692681,VN100,VN100
2025-12-19,1805.51,1835.91,1804.51,1831.78,645569858,VN100,VN100
2025-12-22,1845.24,1885.64,1839.91,1885.64,857120334,VN100,VN100
2025-12-23,1901.94,1915.95,1899.01,1907.33,735426008,VN100,VN100
2025-12-24,1918.14,1922.85,1890.87,1922.8,678045588,VN100,VN100
2025-12-25,1919.62,1944.64,1873.79,1873.79,694651989,VN100,VN100
2025-12-26,1839.53,1866.0,1811.5,1861.57,941929285,VN100,VN100
2025-12-29,1866.42,1884.24,1863.89,1884.24,550212963,VN100,VN100
2025-12-30,1888.14,1900.27,1869.58,1900.27,541620405,VN100,VN100
2025-12-31,1893.68,1919.59,1893.25,1918.0,604677721,VN100,VN100
2026-01-05,1918.99,1928.46,1896.13,1912.69,756675120,VN100,VN100
2026-01-06,1918.39,1938.55,1904.35,1935.93,836875113,VN100,VN100
2026-01-07,1948.71,1973.69,1934.21,1973.69,871849843,VN100,VN100
2026-01-08,1987.66,1997.23,1950.08,1956.73,1092729016,VN100,VN100
2026-01-09,1961.23,1969.71,1931.64,1944.22,1106195439,VN100,VN100
2026-01-12,1947.68,1965.12,1941.98,1961.77,1192371326,VN100,VN100
2026-01-13,1960.11,1988.0,1944.93,1976.38,1164733508,VN100,VN100
2026-01-14,1984.43,1984.5,1930.78,1950.48,1218275257,VN100,VN100
2026-01-15,1944.19,1946.16,1909.53,1935.22,1066986225,VN100,VN100
2026-01-16,1946.01,1973.21,1945.51,1956.26,849755461,VN100,VN100
2026-01-19,1974.32,1977.27,1956.57,1971.81,1023569048,VN100,VN100
2026-01-20,1976.7,1985.18,1953.18,1964.23,908817628,VN100,VN100
2026-01-21,1949.65,1968.64,1936.72,1954.03,1002712433,VN100,VN100
2026-01-22,1961.08,1972.81,1952.04,1961.84,838435057,VN100,VN100
2026-01-23,1972.14,1979.48,1952.07,1956.64,699161912,VN100,VN100
2026-01-26,1960.66,1961.47,1901.44,1909.38,911123832,VN100,VN100
2026-01-27,1909.66,1912.27,1884.89,1893.38,649431713,VN100,VN100
2026-01-28,1894.4,1903.45,1860.02,1869.14,885052238,VN100,VN100
2026-01-29,1874.1,1885.88,1870.02,1881.82,574956427,VN100,VN100
2026-01-30,1887.51,1896.8,1872.37,1895.4,724352067,VN100,VN100
2026-02-02,1889.42,1892.46,1842.77,1869.17,834189470,VN100,VN100
2026-02-03,1872.35,1885.31,1864.79,1872.59,848192330,VN100,VN100
2026-02-04,1874.39,1875.31,1850.39,1861.24,921751609,VN100,VN100
2026-02-05,1861.5,1868.84,1847.81,1847.81,635975176,VN100,VN100
2026-02-06,1836.26,1843.95,1816.25,1817.49,1012746632,VN100,VN100
2026-02-09,1832.59,1834.87,1816.22,1819.63,619781592,VN100,VN100
2026-02-10,1823.0,1841.69,1812.46,1826.92,811744392,VN100,VN100
2026-02-11,1840.95,1882.34,1839.3,1879.24,1049592240,VN100,VN100
2026-02-12,1890.61,1898.1,1885.84,1895.81,443024137,VN100,VN100
2026-02-13,1896.82,1904.61,1878.54,1904.16,535770702,VN100,VN100
2026-02-23,1911.6,1931.63,1910.28,1927.92,651411925,VN100,VN100
2026-02-24,1926.91,1936.82,1916.13,1936.82,873971131,VN100,VN100
2026-02-25,1938.45,1949.17,1929.17,1932.71,1042913127,VN100,VN100
2026-02-26,1934.79,1955.22,1934.06,1952.69,774094564,VN100,VN100
2026-02-27,1955.85,1961.77,1935.07,1948.72,799650166,VN100,VN100
2026-03-02,1945.22,1946.41,1903.5,1903.5,1321191388,VN100,VN100
2026-03-03,1909.77,1912.24,1859.37,1864.78,1139539942,VN100,VN100
2026-03-04,1854.53,1876.08,1804.63,1856.66,1342662679,VN100,VN100
2026-03-05,1877.92,1887.94,1847.64,1850.66,977677570,VN100,VN100
2026-03-06,1846.4,1847.41,1815.78,1817.73,910352990,VN100,VN100
2026-03-09,1810.94,1810.94,1695.53,1699.6,1220207891,VN100,VN100
2026-03-10,1717.0,1768.63,1710.99,1740.71,1350944704,VN100,VN100
2026-03-11,1743.38,1801.73,1742.24,1796.23,863393626,VN100,VN100
2026-03-12,1777.17,1792.81,1764.88,1776.44,845137405,VN100,VN100
2026-03-13,1763.8,1789.89,1757.23,1772.56,891564254,VN100,VN100
2026-03-16,1775.63,1784.02,1760.49,1772.6,741078048,VN100,VN100
2026-03-17,1787.22,1814.26,1786.7,1788.73,732640800,VN100,VN100
2026-03-18,1796.92,1816.11,1769.96,1783.56,725793178,VN100,VN100
2026-03-19,1768.29,1781.8,1754.94,1771.74,780203161,VN100,VN100
2026-03-20,1770.53,1770.53,1708.71,1726.81,823176605,VN100,VN100
2026-03-23,1709.01,1712.03,1663.12,1664.96,967823619,VN100,VN100
2026-03-24,1701.34,1711.93,1685.54,1696.93,668543999,VN100,VN100
2026-03-25,1717.39,1744.94,1713.54,1744.4,756325984,VN100,VN100
2026-03-26,1746.87,1747.38,1719.05,1728.57,712751498,VN100,VN100
2026-03-27,1727.36,1760.71,1723.37,1759.1,808350919,VN100,VN100
2026-03-30,1729.78,1762.31,1719.32,1749.23,721744221,VN100,VN100
2026-03-31,1756.61,1770.93,1755.31,1767.05,821136404,VN100,VN100
2026-04-01,1805.71,1807.53,1791.68,1792.16,833052800,VN100,VN100
2026-04-02,1792.95,1792.95,1768.67,1781.33,787631931,VN100,VN100
2026-04-03,1785.32,1794.41,1761.73,1766.97,684297357,VN100,VN100
2026-04-06,1764.44,1778.66,1756.63,1760.97,587734070,VN100,VN100
2026-04-07,1766.8,1778.24,1755.48,1769.19,526082614,VN100,VN100
2026-04-08,1803.48,1856.95,1803.48,1856.15,1106875293,VN100,VN100
2026-04-09,1850.45,1861.37,1838.83,1843.49,936124326,VN100,VN100
2026-04-10,1860.29,1872.3,1854.26,1856.76,864122483,VN100,VN100
2026-04-13,1841.68,1868.38,1837.44,1860.33,775221697,VN100,VN100
2026-04-14,1879.87,1888.91,1869.79,1878.19,796285506,VN100,VN100
2026-04-15,1891.67,1895.95,1888.6,1892.92,841320976,VN100,VN100
2026-04-16,1897.1,1911.55,1890.51,1908.08,910566728,VN100,VN100
2026-04-17,1920.29,1934.03,1907.34,1907.34,656255304,VN100,VN100
2026-04-20,1911.52,1929.09,1900.03,1927.96,618151769,VN100,VN100
2026-04-21,1945.31,1958.08,1925.79,1925.79,768122809,VN100,VN100
2026-04-22,1928.55,1948.44,1913.39,1943.91,637495940,VN100,VN100
2026-04-23,1953.91,1966.98,1931.69,1944.05,911908256,VN100,VN100
2026-04-24,1946.53,1951.87,1919.84,1930.67,595755352,VN100,VN100
2026-04-28,1929.4,1961.04,1928.77,1952.67,557964890,VN100,VN100
2026-04-29,1952.96,1955.25,1924.25,1936.31,650128200,VN100,VN100
2026-05-04,1948.27,1955.64,1921.72,1928.89,600548222,VN100,VN100
2026-05-05,1927.32,1944.47,1922.56,1944.47,701669766,VN100,VN100
2026-05-06,1951.84,1969.75,1942.66,1967.64,787148168,VN100,VN100
2026-05-07,1976.25,2005.04,1976.02,1992.48,876168473,VN100,VN100
2026-05-08,1993.72,2003.53,1980.19,1997.02,871586803,VN100,VN100
2026-05-11,1999.21,2006.41,1976.73,1978.37,866697725,VN100,VN100
2026-05-12,1976.83,1990.7,1964.71,1988.39,663849961,VN100,VN100
2026-05-13,2000.47,2000.47,1954.43,1976.98,879852224,VN100,VN100
2026-05-14,1972.67,1996.95,1964.77,1996.22,610028450,VN100,VN100
2026-05-15,1998.65,1999.79,1973.97,1982.89,670411672,VN100,VN100
2026-05-18,1976.87,1983.51,1964.74,1978.45,737588489,VN100,VN100
2026-05-19,1981.53,1981.68,1959.58,1965.64,931406626,VN100,VN100
2026-05-20,1961.37,1971.61,1908.84,1958.35,1092014340,VN100,VN100
2026-05-21,1967.32,1969.65,1941.15,1952.0,612911190,VN100,VN100
2026-05-22,1952.43,1952.43,1918.86,1937.14,776631680,VN100,VN100
2026-05-25,1940.26,1958.44,1940.26,1950.39,632619883,VN100,VN100
2026-05-26,1953.1,1959.86,1947.87,1956.87,639962558,VN100,VN100
2026-05-27,1962.69,1962.69,1944.16,1951.75,753539917,VN100,VN100
2026-05-28,1947.96,1957.99,1933.02,1933.02,610869936,VN100,VN100
2026-05-29,1932.89,1941.58,1918.84,1925.55,607275686,VN100,VN100
2026-06-01,1929.14,1934.37,1910.56,1915.27,436960974,VN100,VN100
2026-06-02,1914.87,1924.9,1890.04,1894.18,642762353,VN100,VN100
2026-06-03,1891.94,1908.87,1878.5,1893.09,637921620,VN100,VN100
2026-06-04,1895.3,1902.83,1884.85,1902.15,513261391,VN100,VN100
2026-06-05,1904.26,1911.21,1896.93,1904.58,451774266,VN100,VN100
2026-06-08,1887.76,1888.37,1857.55,1859.67,630769364,VN100,VN100
2026-06-09,1866.98,1875.48,1854.73,1871.55,469661142,VN100,VN100
2026-06-10,1871.68,1884.6,1868.15,1881.42,543997377,VN100,VN100
2026-06-11,1871.7,1877.28,1866.06,1871.39,354463406,VN100,VN100
2026-06-12,1888.5,1888.65,1864.03,1865.93,572125195,VN100,VN100
2026-06-15,1881.15,1889.47,1862.29,1882.63,695903759,VN100,VN100
2026-06-16,1890.28,1891.28,1883.14,1887.98,571481976,VN100,VN100
2026-06-17,1880.54,1891.45,1871.59,1887.29,747869663,VN100,VN100
2026-06-18,1900.52,1905.65,1897.26,1899.67,575130339,VN100,VN100
2026-06-19,1905.35,1906.29,1873.55,1894.86,538435909,VN100,VN100
2026-06-22,1899.78,1918.56,1895.12,1915.25,455454701,VN100,VN100
2026-06-23,1927.55,1951.22,1921.5,1928.14,859281740,VN100,VN100
2026-06-24,1937.11,1950.1,1925.94,1940.44,564125330,VN100,VN100
2026-06-25,1943.1,1944.89,1925.41,1932.68,430360918,VN100,VN100
2026-06-26,1929.05,1939.96,1921.01,1937.79,455802689,VN100,VN100
2026-06-29,1935.27,1938.65,1929.45,1933.17,545886216,VN100,VN100
2026-06-30,1933.79,1936.97,1924.43,1931.52,608741030,VN100,VN100
2026-07-01,1931.68,1946.32,1931.68,1942.19,552564948,VN100,VN100
2026-07-02,1946.8,1952.12,1936.68,1938.99,500730536,VN100,VN100
2026-07-03,1939.67,1941.12,1924.81,1932.28,515045049,VN100,VN100
2026-07-06,1940.71,1942.42,1898.88,1914.29,703111688,VN100,VN100
2026-07-07,1912.44,1922.44,1901.16,1922.44,452471369,VN100,VN100
2026-07-08,1920.66,1930.68,1914.54,1926.12,548093425,VN100,VN100
2026-07-09,1914.98,1920.35,1907.1,1908.47,501421018,VN100,VN100
2026-07-10,1906.79,1913.95,1891.94,1891.94,511182332,VN100,VN100
2026-07-13,1889.47,1889.47,1841.7,1861.08,751101270,VN100,VN100
2026-07-14,1853.16,1868.47,1837.19,1868.47,499357368,VN100,VN100
2026-07-15,1868.69,1868.69,1836.19,1839.44,532964301,VN100,VN100
2026-07-16,1829.46,1864.82,1816.33,1864.31,710573604,VN100,VN100
2026-07-17,1863.99,1864.86,1845.32,1852.65,381422711,VN100,VN100
2026-07-20,1844.02,1845.91,1796.33,1805.16,770813951,VN100,VN100
2026-07-21,1796.42,1817.48,1792.14,1797.8,722870036,VN100,VN100
2026-07-22,1799.3,1808.18,1740.29,1743.88,826598642,VN100,VN100
2026-07-23,1740.61,1774.32,1722.75,1767.7,782399667,VN100,VN100
2026-07-24,1752.4,1760.09,1741.65,1751.49,516512564,VN100,VN100
2026-07-27,1760.92,1771.94,1726.66,1729.22,549807865,VN100,VN100
2026-07-28,1715.09,1749.99,1712.39,1745.18,719691748,VN100,VN100
2026-07-29,1745.23,1762.6,1736.5,1762.6,497033133,VN100,VN100
2026-07-30,1762.48,1805.28,1759.07,1800.95,753878153,VN100,VN100
2026-07-31,1816.99,1816.99,1754.71,1786.9,691371164,VN100,VN100
2026-08-03,1796.12,1829.66,1792.08,1825.3,692839957,VN100,VN100
2026-08-04,1828.3,1841.63,1822.62,1841.63,616641137,VN100,VN100
2026-08-05,1851.14,1855.44,1829.79,1836.22,680588611,VN100,VN100
2026-08-06,1844.69,1844.69,1821.2,1822.07,524004016,VN100,VN100
2026-08-07,1818.68,1829.93,1812.21,1823.7,579118466,VN100,VN100
2026-08-10,1828.75,1845.06,1815.11,1838.02,640471443,VN100,VN100
2026-08-11,1841.8,1851.93,1832.21,1837.69,539776495,VN100,VN100
2026-08-12,1840.6,1856.85,1835.55,1850.94,488607083,VN100,VN100
2026-08-13,1854.17,1858.67,1821.94,1824.51,665483518,VN100,VN100
2026-08-14,1822.22,1822.39,1787.07,1795.69,656293787,VN100,VN100
2026-08-17,1794.1,1802.3,1785.01,1793.86,472891202,VN100,VN100
2026-08-18,1795.66,1810.59,1783.18,1791.35,491691543,VN100,VN100
